            INSERT INTO `users` (`id`, `firstName`, `lastName`, `label`, `title`, `indexNumber`, `email`, `passwordHash`, `salt`, `TYPE`) VALUES
            (1, 'Jan', 'Kowalski', 'prof. dr hab. Jan Kowalski', 'prof. dr hab.', NULL, 'j.kowalski@spambog.com', 'c74a2051cdf70af8db90702431a5ad4634b67349577133fdeeb32a0582fe26b4', '52266463', 1),
            (2, 'Sławomir', 'Nowak', 'mgr Sławomir Nowak', 'mgr', NULL, 's.nowak@spambog.com', 'c4ba60dbd38a4cfc360cccc4741a31e2517e259e826e93ad2aff70fdb8207bfe', '43465108', 1),
            (3, 'Wojciech', 'Malinowski', 'dr Wojciech Malinowski', 'dr', NULL, 'w.malinowski@spambog.com', '3817702746353ae36516a547a1aaca81c14b288b72ff2f32e8ee73f76be2974c', '42220774', 1),
            (100, 'Paweł', 'Czechowski', 'Paweł Czechowski', NULL, '131463', 'pavelc@spambog.com', '94c5e94b48fd8da4f3a6373d57e9cc05828979411d5b6c24f28dcc1ea226df92', '68927698', 0),
            (101, 'Barbara', 'Wróblewska', 'dr Barbara Wróblewska', 'dr', NULL, 'b.wroblewska@spambog.com', '3f67f043dac809686b6e3d4ba6ef900c57f5d8bad31c134b5715dbafdac3c2d3', '27774046', 1),
            (102, 'Marcin', 'Zając', 'Marcin Zając', NULL, '137845', 'm.zajac@spambog.com', '2edd44798021681841b22e70d8560f599b86f6dfe1575c8def0363698a950700', '17266766', 0),
            (103, 'Rafał', 'Kmiecik', 'Rafał Kmiecik', NULL, '133256', 'r.kmiecik@spambog.com', '878adcaf4eac309337ec8c61268c6d3ad54790351d9cbe14f4b0120d4dafd6b9', '86490156', 0),
            (104, 'Arkadiusz', 'Bednarek', 'Arkadiusz Bednarek', NULL, '130112', 'a.bednarek@spambog.com', '9a9885c3bbde3eb4d4ebe3755e22ff035cd43ab0ed4ab3266125c1706440ff03', '75794157', 0),
            (105, 'Tomasz', 'Ostojski', 'Tomasz Ostojski', NULL, '139321', 't.ostojski@spambog.com', 'f1bf7f049bc4909d8f1e8bc674648089966775eff0eda88263efb5d30e0c97ea', '38215423', 0),
            (600, 'Łukasz', 'Broź', 'Łukasz Broź', NULL, '134568', 'l.broz@spambog.com', '1c0bea191214aa3cf34f718e65fe00a866ed650947b7a9d3b4cea5fc67eda5e0', '74456875', 0),
            (601, 'Sebastian', 'Madera', 'Sebastian Madera', NULL, '132847', 's.madera@spambog.com', 'b43338e5db2eea4e6ad824b85b71e90acb89564e2acb0820ab37844a4c16c413', '56664174', 0),
            (602, 'Piotr', 'Grzelczak', 'Piotr Grzelczak', NULL, '136589', 'p.grzelczak@spambog.com', '6f0a506a2eda68c75ae1533a347886b2cfd46de3901e99a5573b64873f4f9593', '14847530', 0),
            (603, 'Krzysztof', 'Ostrowski', 'Krzysztof Ostrowski', NULL, '136874', 'k.ostrowski@spambog.com', '0541998de456944f3f723df5465bffcc2483f0328c742b051c2c30f4423b50c9', '27930371', 0),
            (604, 'Adrian', 'Budka', 'Adrian Budka', NULL, '130489', 'a.budka@spambog.com', '3a0b5f09b851e6637dde181b4a55de1acf4028bad53aeeff9ccfb590f207c8ea', '94829424', 0);

            INSERT INTO `courses` (`id`, `name`, `unitName`, `type`, `description`, `lecturer_id`) VALUES
            (50, 'Projektowanie aplikacji internetowych', 'Katedra Informatyki', 0, '<b>​Opis</b><br>Celem wykładu jest omówienie metod projektowania i implementacji aplikacji biznesowych opartych o rozproszone komponenty usługowe. Przedstawione zostaną technologie XML umożliwiające integrację heterogenicznych modułów programowych. Omówione będą technologie konstrukcji komponentów usługowych, m.in. Web Services, Enterprise JavaBeans, CORBA, oraz metody ich wykorzystania do realizacji systemów klasy Workflow Management, m.in. BPEL. Poruszone zostaną zagadnienia opisu semantyki komponentów usługowych, ich odkrywania oraz wykorzystywania w środowiskach Grid Computing. Przedstawione będą technologie konstrukcji internetowych portali korporacyjnych opartych o rozproszone komponenty usługowe.<span class="Apple-style-span" style="color: rgb(51, 51, 51); font-family: Arial, ''Trebuchet MS'', ''Lucida Grande'', Verdana, sans-serif; font-size: 13px; font-style: normal; font-variant: normal; font-weight: normal; letter-spacing: normal; line-height: 15px; orphans: 2; text-align: left; text-indent: 0px; text-transform: none; white-space: normal; widows: 2; word-spacing: 0px; -webkit-text-decorations-in-effect: none; -webkit-text-size-adjust: auto; -webkit-text-stroke-width: 0px; background-color: rgb(255, 255, 255); "><a name="Sylabus" style="margin-top: 0px; margin-right: 0px; margin-bottom: 0px; margin-left: 0px; color: rgb(26, 110, 199); "></a></span><br><br><b>Literatura<br></b><ul><li><span class="Apple-style-span" style="color: rgb(51, 51, 51); font-family: Arial,''Trebuchet MS'',''Lucida Grande'',Verdana,sans-serif; font-size: 13px; font-style: normal; font-variant: normal; font-weight: normal; letter-spacing: normal; line-height: 15px; orphans: 2; text-align: left; text-indent: 0px; text-transform: none; white-space: normal; widows: 2; word-spacing: 0px; background-color: rgb(255, 255, 255);">Graham S., Simeonov S., Boubez T., Davis D., Daniels G., et al., Java. Usługi WWW. Vademecum profesjonalisty, Helion, ISBN: 83-7197-991-6, 2003</span></li><li><span class="Apple-style-span" style="color: rgb(51, 51, 51); font-family: Arial, ''Trebuchet MS'', ''Lucida Grande'', Verdana, sans-serif; font-size: 13px; font-style: normal; font-variant: normal; font-weight: normal; letter-spacing: normal; line-height: 15px; orphans: 2; text-align: left; text-indent: 0px; text-transform: none; white-space: normal; widows: 2; word-spacing: 0px; -webkit-text-decorations-in-effect: none; -webkit-text-size-adjust: auto; -webkit-text-stroke-width: 0px; background-color: rgb(255, 255, 255); ">McGovern, J., Sims, O., Jain, A., et.al., Enterprise Service Oriented Architectures: Concepts, Challenges, Recommendations, Springer,<span class="Apple-converted-space">&nbsp;</span><font color="000000"><a href="http://wazniak.mimuw.edu.pl/index.php?title=Specjalna:Booksources&amp;isbn=140203704X" class="internal" style="margin-top: 0px; margin-right: 0px; margin-bottom: 0px; margin-left: 0px; color: rgb(26, 110, 199); text-decoration: none; ">ISBN 14-0203-704-X</a></font>, 2006</span></li></ul>', 1),
            (150, 'Projektowanie aplikacji internetowych', 'Katedra Informatyki', 2, '', 2),
            (151, 'Programowanie obiektowe', 'Katedra Informatyki', 2, '<b>Program przedmiotu<br></b>Program przedmiotu obejmuje programowanie obiektowe na przykładzie języka C++.&nbsp; <br>Zagadnienia omawiane na wykładzie:<br><ol><li>Ogólne spojrzenie na język C++</li><li>Klasy</li><li>Pola i metody</li><li>Przeciążenie operatora</li><li>Dziedziczenie</li><li>Funkcje wirtualne</li><li>Wzorce</li><li>Obsługa wyjątków</li><li>Hierarchie klas</li><li>Biblioteka standardowa C++ (STL)</li></ol><b>Literatura<br></b><ul><li>B. W. Kernighan, D. M. Ritchie, "Język ANSI C", WNT, Warszawa 1994</li><li>B. Stroustrup, "Język C++", WNT, Warszawa 1995<br></li></ul>', 2),
            (152, 'Podstawy elektroniki', 'Instytut Elektroniki', 0, '', 3),
            (153, 'Przetwarzanie sygnałów', 'Instytut Elektroniki', 1, '', 3),
            (154, 'Algebra', 'Instytut Matematyki', 1, '<br>', 101),
            (155, 'Matematyka dyskretna', 'Instytut Matematyki', 0, '', 101);

            INSERT INTO `groups` (`id`, `name`, `_date`, `_year`, `room`, `course_id`) VALUES
            (200, 'A1', 'czwartek, 12:15', '2010/2011', 'M32', 154),
            (201, 'A2', 'czwartek, 14:15', '2010/2011', 'M30', 154),
            (202, 'B1', 'piątek, 10:15', '2010/2011', 'M32', 154),
            (203, 'A1', 'piątek, 12:15', '2010/2011', 'M2', 155),
            (204, 'B1', 'piątek, 14:15', '2010/2011', 'M2', 155),
            (205, 'A', 'poniedziałek, 10:15', '2010/2011', 'E1', 50),
            (206, 'B', 'poniedziałek, 12:15', '2010/2011', 'E4', 50),
            (207, 'C', 'wtorek, 16:15', '2010/2011', 'E1', 50),
            (208, 'A1', 'środa, 8:15', '2010/2011', 'E230', 150),
            (209, 'A2', 'środa, 10:15', '2010/2011', 'E230', 150),
            (210, 'B1', 'środa, 12:15', '2010/2011', 'E235', 150),
            (211, 'A', 'środa, 16:15', '2010/2011', 'E1', 152),
            (212, 'B', 'środa, 18:15', '2010/2011', 'E1', 152),
            (213, 'A1', 'czwartek, 8:15', '2010/2011', 'E221', 153),
            (214, 'A2', 'czwartek, 10:15', '2010/2011', 'E220', 153),
            (215, 'A1', 'wtorek, 8:15', '2010/2011', 'E102', 151),
            (216, 'A2', 'wtorek, 10:15', '2010/2011', 'E100', 151),
            (700, 'A3', 'czwartek, 10:15', '2010/2011', 'E100', 151);

            INSERT INTO `course_assignments` (`id`, `course_id`, `user_id`, `group_id`, `confirmed`) VALUES
            (250, 155, 100, 203, b'0'),
            (251, 154, 100, 200, b'0'),
            (252, 150, 100, 208, b'1'),
            (253, 153, 100, 213, b'1'),
            (254, 152, 100, 211, b'1'),
            (255, 50, 100, 205, b'1'),
            (256, 50, 102, 205, b'1'),
            (257, 152, 102, 211, b'1'),
            (258, 155, 102, 203, b'0'),
            (259, 153, 102, 213, b'1'),
            (260, 154, 102, 200, b'0'),
            (261, 150, 102, 208, b'1'),
            (262, 151, 102, 215, b'1'),
            (263, 151, 100, 215, b'1'),
            (264, 50, 103, 205, b'1'),
            (265, 152, 103, 211, b'1'),
            (266, 155, 103, 203, b'0'),
            (267, 153, 103, 213, b'1'),
            (268, 154, 103, 200, b'0'),
            (269, 150, 103, 208, b'1'),
            (270, 151, 103, 215, b'1'),
            (271, 50, 104, 205, b'1'),
            (272, 152, 104, 211, b'1'),
            (273, 155, 104, 203, b'0'),
            (274, 153, 104, 213, b'1'),
            (275, 154, 104, 200, b'0'),
            (276, 150, 104, 208, b'1'),
            (277, 151, 104, 215, b'1'),
            (278, 50, 105, 205, b'1'),
            (279, 152, 105, 211, b'1'),
            (280, 155, 105, 203, b'0'),
            (281, 153, 105, 213, b'1'),
            (282, 154, 105, 200, b'0'),
            (283, 150, 105, 208, b'1'),
            (284, 151, 105, 215, b'1'),
            (650, 151, 600, 215, b'1'),
            (651, 151, 601, 215, b'1'),
            (652, 151, 602, 215, b'1'),
            (653, 151, 603, 215, b'0'),
            (654, 151, 604, 215, b'1');

            INSERT INTO `forum_threads` (`id`, `text`, `subject`, `_date`, `user_id`, `parent_id`, `course_id`, `replies`, `last_post_info`) VALUES
            (300, 'Co sądzicie o wyglądzie aplikacji. Czy macie jakieś uwagi co do struktury interfejsu? <br>Zapraszam do dyskusji​.', 'Interfejs graficzny aplikacji', '2011-09-05 08:57:23', 100, NULL, NULL, 1, NULL),
            (301, 'Czy możliwa jest zmiana koloru? Np z niebieskiego na zielony lub szary?<br>', 'Interfejs graficzny aplikacji', '2011-09-05 08:58:23', 100, 300, NULL, NULL, NULL),
            (500, 'Witam, <br>poszukuje jak w temacie mail do mgr Nowaka, albo jeszcze lepiej jakby ktoś wiedział gdzie go będę mógł złapać w przyszłym tygodniu.<br>Pozdrawiam', 'Mail do Nowaka', '2011-03-03 17:14:45', 105, NULL, 151, 1, NULL),
            (501, 'Oto mail s.nowak@p.lodz.pl<br>', 'Mail do Nowaka', '2011-03-03 20:50:24', 103, 500, 151, NULL, NULL),
            (502, 'Nie wiecie może czy zostały gdzieś udostępnione materiały z wykładu w plikach np pdf, ppt? Bo nie było mnie ostatnio a chciałbym nadrobić zaległości.​', 'Materiały z wykładu', '2011-03-23 12:22:13', 103, NULL, 151, 2, NULL),
            (503, 'Jeszcze nie zostały udostępnione. Najprawdopodobniej dopiero pod koniec semestru będziemy mogli je pobrać.<br>', 'Materiały z wykładu', '2011-03-24 19:10:13', 104, 502, 151, NULL, NULL),
            (504, 'Właśnie pojawiły się na stronie przedmiotu. W plikach udostępnionych.<br>', 'Materiały z wykładu', '2011-04-02 10:56:13', 100, 502, 151, NULL, NULL),
            (505, 'Gdzie mogę znaleźć instrukcję do zadania czwartego "Dziedziczenie?"<br><br>', 'Instrukcja do zadania piątego', '2011-04-25 15:37:11', 100, NULL, 151, 1, NULL),
            (506, 'Właśnie udostępniłem ją w dziale <i>Udostępnione pliki</i>.<br><b><br>Uwaga!</b><br><b>Jeśli polecenie będzie niezrozumiałe proszę konsultować to ze mną.<br></b><br>Pozdrawiam<br>Sławomir Nowak<br>', 'Instrukcja do zadania piątego', '2011-04-25 23:06:11', 2, 505, 151, NULL, NULL),
            (507, 'Mam problem z funkcjami wirtualnymi. Pomoże ktoś? <br> Pisać na priv. <br>Pozdro!<br>', 'Prośba o pomoc z funkcjami wirtualnymi', '2011-05-18 08:46:30', 104, NULL, 151, 0, NULL);

            INSERT INTO `course_files` (`id`, `name`, `description`, `_size`, `type`, `bytes`, `course_id`) VALUES
            (551, 'Zadanie 1.pdf', 'Wprowadzenie do C++', 9157, 'application/pdf', 0x255044462d312e350a25c7ec8fa20a352030206f626a0a3c3c2f4c656e6774682036203020522f46696c746572202f466c6174654465636f64653e3e0a73747265616d0a789ce59acb6fd34010c645e234c554a12f9a3e285d28b449695c3f42625f911012e202caade5040209a9950affbf44623762dcf52f99a471854473193bbbb3df3cbe99dd4daf8def05a1f1479fb1f0f5d23dfbdc373f7ebbe96bf3f9fd8df0eb877bedc65e34fa4b5f48f9eba5793b184e8c4de2253d33f8eefa5e922451dc4bbf0e4cd8f7bd6e6cfabdc80b6333b8745b0f2ad58a535baa2fb7073fdd4e18445ed20f4c279bffcd3d6f3d68777c2fec0651b7dfaa08b90aef1d21d784bc24e48742aeb77b7ee8bd89922f830f6e305c3734838feee0e4bcb52c465d5ce5a6fc951f018c158071f10b2634ec05fc5e10b61ec3c2ab60db9a90d785bc21e44dd0f92495a324eef772efb760ae03fa1b0a9c75705653618bd4b90dd856157ecede4771d7efe6f0c8dc7a0c7ae4f81d452e36723847c916f93d2f88e32131d244970376c170b9e81e38560622976d72c253b0502ada279674c6c8054deb80b20eaed9013094a653c2995285c2b3027365ea50a928a0a5186f53650d1cdb9c8cdf7aaf4f5f1bdb06f896e82af5505639822a84474375a97f1df4ece6e616506576be4d5f881831acfc0b48fd678aaa2c1168aae098dc69eeef814b287fa9ade84b7196fbd2000a4b55e16669d8f68cd8a4ce0305e734bcdfb73064b97f975a423162ae17e47e1d0ca7e0525072ada101e8678dd01a2c4699445942636873b7b9088e2eaa4dd46c3d2945f39564b4c334f93a530cebbfd86196416d62ca7360470d7c45c9a869d1eba2741043d7612d47a19fc6d78a4ac70638675bb11025bea6514ddd3c521dd3340ef97e07bc31a574a52ca0ac5b83b9052c9fe810e9b41baedb34785142248866e4d01a3891d251ea7f0e4e6f286840692df5d0ee910e694e110d08bcc669542f34b5aff403db018c9f9b7f147244b9046e9b72924b09d8003dab000e413461e10d6b7c46c04d984bec7d28dd9939f1a33b8476ec0e7bf571dad8a5b39641a693b11c63c8f62b7a90258db43ab7f72115585203d79402d74c82cbeaeefb61bcafbbaf4527c4cd99316e4e297173286e51e2c5ddf1cd2af575c944daa5d1c54215c6c8ca7028509781e125c875516d68b345154c76995742b60fa8f67807f4538d3f2aac6cc737458dce4d8bf2e464ef6551a31d980318a4272f5ab7f953b645d8ae36c1a48bb6783821f29dfc9b46d5845107109b9c81f803cb7c06ce9af9723cb1495bf5e702297f5639d4380cbd77047499a599948fd8dc13e23b158936282aa8d5d6b9916af56bd0b303b204d7b05c9ef51169cca9222df429baa570d32158cd05ac0595a24369543021953d908fb4f61d6b079e4d6e487605a4db7cbaaa936d808e39524f1574e2dd219df7ab2291cab8fdd1f49d453196366067da301775660b95ccb47c852b6881a95cd002d340bf8415eeb219f481758188b30f7a02f0df0c1bea3bc7701fc62fb6b0cd122a7b721bbe382d58210db466053df870ae598b4a30d9c1b6ecb9a9bd3249a4bca824992fe84d40253d403740980baabdbc05914318063d2fe947a6138581d70f47b772ad68aff9d4a964ff18f56ee07e1a7efe00beecec65656e6473747265616d0a656e646f626a0a362030206f626a0a313133320a656e646f626a0a342030206f626a0a3c3c2f547970652f506167652f4d65646961426f78205b30203020353935203834325d0a2f526f7461746520302f506172656e742033203020520a2f5265736f75726365733c3c2f50726f635365745b2f504446202f546578745d0a2f457874475374617465203130203020520a2f466f6e74203131203020520a3e3e0a2f436f6e74656e74732035203020520a3e3e0a656e646f626a0a332030206f626a0a3c3c202f54797065202f5061676573202f4b696473205b0a34203020520a5d202f436f756e7420310a3e3e0a656e646f626a0a312030206f626a0a3c3c2f54797065202f436174616c6f67202f50616765732033203020520a2f4f70656e416374696f6e205b3420302052202f4669745d0a2f4d65746164617461203134203020520a3e3e0a656e646f626a0a372030206f626a0a3c3c2f547970652f4578744753746174650a2f4f504d20313e3e656e646f626a0a31302030206f626a0a3c3c2f52370a37203020523e3e0a656e646f626a0a31312030206f626a0a3c3c2f52380a38203020523e3e0a656e646f626a0a382030206f626a0a3c3c2f42617365466f6e742f524142594b592b545431346f30302f466f6e7444657363726970746f722039203020522f547970652f466f6e740a2f46697273744368617220312f4c617374436861722035312f5769647468735b2036303320363033203630332036303320363033203630332036303320363033203630332036303320363033203630332036303320363033203630330a3630332036303320363033203630332036303320363033203630332036303320363033203630332036303320363033203630332036303320363033203630330a3630332036303320363033203630332036303320363033203630332036303320363033203630332036303320363033203630332036303320363033203630330a3630332036303320363033203630335d0a2f456e636f64696e67203133203020522f537562747970652f54797065313e3e0a656e646f626a0a31332030206f626a0a3c3c2f547970652f456e636f64696e672f42617365456e636f64696e672f57696e416e7369456e636f64696e672f446966666572656e6365735b0a312f5a2f612f642f6e2f692f652f73706163652f6f6e652f636f6c6f6e2f706572696f642f4e2f702f732f632f772f6a0a2f7a2f792f6b2f752f432f662f722f6d2f6c2f682f742f6f2f636f6d6d612f572f672f74776f0a2f622f4d2f706172656e6c6566742f617374657269736b2f782f706172656e72696768742f62726163656c6566742f73656d69636f6c6f6e2f657175616c2f7a65726f2f756e64657273636f72652f68797068656e2f6c6573732f706c75730a34382f627261636b65746c6566742f627261636b657472696768742f627261636572696768742f535d3e3e0a656e646f626a0a392030206f626a0a3c3c2f547970652f466f6e7444657363726970746f722f466f6e744e616d652f524142594b592b545431346f30302f466f6e7442426f785b30202d32303520363032203738335d2f466c6167732033320a2f417363656e74203738330a2f436170486569676874203633380a2f44657363656e74202d3230350a2f4974616c6963416e676c6520300a2f5374656d562039300a2f58486569676874203534310a2f43686172536574282f432f4d2f4e2f532f572f5a2f612f617374657269736b2f622f62726163656c6566742f627261636572696768742f627261636b65746c6566742f627261636b657472696768742f632f636f6c6f6e2f636f6d6d612f642f652f657175616c2f662f672f682f68797068656e2f692f6a2f6b2f6c2f6c6573732f6d2f6e2f6f2f6f6e652f702f706172656e6c6566742f706172656e72696768742f706572696f642f706c75732f722f732f73656d69636f6c6f6e2f736c6173682f73706163652f742f74776f2f752f756e64657273636f72652f772f782f792f7a2f7a65726f292f466f6e7446696c6533203132203020523e3e0a656e646f626a0a31322030206f626a0a3c3c2f46696c7465722f466c6174654465636f64650a2f537562747970652f5479706531432f4c656e67746820333438373e3e73747265616d0a789ca5576b541457b62e1ef540b001b1db461b5a092dadbc454162441a79f8801188af6ec0e020985614048dc6988cd11b2375aa7d5c5d9a18331a41341814e5e203082491c4e5e30e868484cc4d743426425058e492d9d5bdbb99390d246b65adfbe3ce1a9a8203a7ead4d9dffebe6fefe3c2b8bb322e2e2ec2d2a5d1334ba2a29ce32882abe53e6b254bbcdc88977be018c67daf5e4bc86f032f9e687c1ac6c1365ff0f5fec287717ec5b86b945e2e13c64e1aefedaa9b324e11e4ebe6c9a9b413d9181f3f7f756088307906efa10f9ff6ccd4e0a88880e8b031a191d319660993c9043359cc1ce6796629b38c59ceac64921823339f3131c94c0493c3a430914c2a93c62c6016328b9899cc62269dc960fec0cc667299718c1fb38a716126311a268009643c98318c27f31ce3c58c65121805e3cd24323e8c2f339386c8b8d2056fbaa4b834ba7ce73ad1f59cabdd6d9edb6ef799eeebdcefb33af6207b83ede572b9ffe05df925bc4d4814fee8c179183df6781c1fe33d669927e3a9f37ccbcbe095e255e075d4eb8ad79763a3c7ee578c5744293215db154715ef2bae296e2bbabd0b151af70e30a86c1d60c47cbe1b42c1f76b8891a0481c4405c1bd82e31534591378f2ed9f3e2ba92ba95df5ee62cbd48aa005e886930487118dbc7305d951a6c49904fd9a220722faf3404b208d40d235d0760f3cee07bf169829c12c11c6adec0e79ac6b442dc1248269b9a88d0c89d0e1b81c9c4504c281debd5bfca2eea3ced6ceea9f09f8135096feef8acee59df3eb22a44831a9688561b961d333049504fd4f077f6468357c59f458a24f3a37a171df5baf44753efa6d410fca0982f19fa11f28d017bcd22186400efdbe05b1e00dbee0437fc6de823c0b7015e0b5155445022ee051f5292a6a90b3a0aa021953dcf4387d3e7a13d4138c6c46dfdeb0dee9e09d03a152b708cc29f06e1630821f81d0ae556ad89b14c5d5fc538aa257170449304eeccbf932fc8bd00bce1dcf26b86835ea66a15b2c458f5de644c1838434c5f50bf6631448305ac3953fea7f303d921e8aed754d5d8d9d95bf10279607e7c1788cb0a07b4570aa1e35827df5f04bfb54a0e7adadb612d6b10ff4b652d4738e8f874a58ebc7a81f7a6f18136876a6d644533b403715f035cc936e8aedbbba5e11f00bd4432c5f7cb0645fb9656ec5829733cd996b9764a5c7098ee5681a09ca745909693c84a6c184f5e0227d2bde39d6fa41ebfb550da485dccc6845df062cbcabc6d91fc5f71098449e5efaaaf3fa57ad7f3f031ae96711bc5e01cd060167f1a8bc849e27909192c5ec57f3cb5e2879c94cf2c9d2e6fcde755011a3fec17cbbf0527efdaa3f679314f2cceaf8d825b333902bc120823e04d5ef61d0b5d10cdb3a54d3b787efa6828f26c854677d9addb6115c09c40af249ac023d5441190db64c36a3de6eb67fcc93f4fdf907b71c2a7fe7a5ca1dd78aefecb84f63f8f6f03727040c1d8ed0d668eb500e75a009f2f9488c445f839388b82608c682a8b5ee00a383527fd6db4b4e9babd75ed97ec7325031d80e6e1020584df02b482a34d93a5858c441b0e34756e2609975370bcf7390ee38c9eee36096cd8d85500e370e75b0b89cc3a5d65656e470ada395c595c371596f82af123d75e899839e641a89af5ef449faf5759f93ef09b8b63cea6bef6f07752dc45904503ce1c837dbdbcc17ccb54b8fcf95d05d448f7538365d80041eb4cd30a10ac64a10203e29b9beac6de999300aa06037f164e17fae7a6bf3dbe5953beba4b7c413fb4e1f7a177dd48b37e7ec34935092de641ea0101783a712aab3793c22a2d2405047961d7fe1dc86da7597775c97ee890feabbbf1b4d449f4a0e91afd843e40b2c50d97e6c0f81b372080b991cfec37e418eb25f6151e2f0961c8d6df6681673b8519fd170a114d38c11897cfdff95484b1c30269ca8a60407239cfa974402de5499a0bfcf7791b62317aace9faa6ba9fb9f9641b5bdc0768a85620e061d67e11fd6b32c2ce0ecad1a8c7b216c455a46917f46d1ac6dc81161e608f37acf2bd1a30085ad2810cc2418d234b54ff774254c21b08840720b04f60ff4f781b6055225e04410b6036f16309e47dfab534e454bc889516b161a16259a7504c753fbba10dc61f8dcd057043e528f3878123c1a058c1c95b5867503c2c339470d6be1a0da5ac3c2518dcd8189b6076f7278d1417914cfe1256b132b0edda2a00cc7a91f768315f466470275039dd30df2e90ad697a91bac188962ac8a127d3a25fa5803cd2e75367d63d24f293d85a022f02cf5ec2ba0fb1bb83da00c77bb0e0112788afdc6fbd305d901468db5937a94f513f78827333e8c91668a696b72137313caa94a35040f7751a70db5801bd5471f040af21ff9d14d396331f1f29da1e758627b0e129d712ce3ec776dc92c194a46c328bc97951890e7746e0aef1f080637ea7e0ae95d090104161098f321689f80cb1360c0fb3a8449102602bbaa63c69751e7710a4d8790e178997f07259880de40a45f28fc95e0fb918051bc63b3dcab948f54730456cc7982b3a404316343ced2dcec0dcfed9a36ca66395345e16aa6fed10c1c4f20b40e988ef68eff8631b5106b01a6e2e7577b4b059cc1eb6ba71f9f6ed155246f2d282a28d8b290840ba8918f51b33936a4fbd534cb70487902e2618c115cca07883f140d3e853ced3e30c661288e31e00ce2ef44feaae1a7f9dd85309eda1781c42b30e51eb8dca311ba5e8789d2a038681c9826d0426574d8788241bb825f4ede96fc62faca65f13138fe059c4fa61214fe8caa4b34086ba475a7529ecbc7f445b5844bb1e28235b986dcc4725a28d5f4a693331a16372c6e5bd769018f8a818eef217834ee5ff5687f9dff776aff1d952dc1ae05bdfc883aa9912fd3b03395408020fd8cb8ec5e8dfb3d25cee331e8131c7706dd2c38bf22268be018623a5ef041c9b9e21b1b1f6e04ef556a100a60d1c21fd19560b83f41afbcf0f0d48864f45b376cf804279f424393002b7898f72c0415022bfd247ef36edba5b6ba332de40eb9b6fda2f97d7375f285c9f538e19a1a558d51cd2b5b4d1f6efa0b794880abffbeebd65f6f82db3908b2805001caada02bf8150bbddd4d09f1fc405effe63e728fb49da8b95cf35feffc953e26d882ed59a0b7aa860ed04ccc5d8f3e0b12162704ada10a8a20bae3c85ca06bc8bb345ce5efc386b261784d437b79f935f91d16f238fb1afb56f986bd9fc5f738fbbbf26dd67e7b9436f20f542947edb3298c8e11a98d5801adde06da523c80d0efbabaa43ef1cebc6a0c150e711df41f5ff74877c596b21a53cdca637308ba0a8ef398683dcd93b63df5bbde7bfde4f623e596f48a9439068c161c4bd0607d9d279d6f7ef8fae95d55db8f96584a2bd66d2e58559067cedeb870787e64d766156652d1b210cf41c4502bbb938395d63a16b238487354b1fb9d05ad9e053d878554cb2caee530c9fa065bc161b2e30d16b770a329e74295a89fcb4f13535f2b282f28dbba9a6491b2fdc5078baa50ab3e9c73a0906ca425262d1cb505a0cd6d0f27f80c29debb66577e2906a8df58fd663179892c39b1babeacbefceecea744f806f55338f427baaae4e6e4e6173b4837b9b8ffeaa1d61a48551fa894aa49350145e24d0c97840898d6cd4178c5573708f8904af1cc9e33c590a2deddfce655d240e07908e8853392f00b375ac029e85a8d7b196fd7c6b0a0e0e54790c16a6cf5b2963a67c9687fe774d7ef201a14b4818c85f8473fa8a938bd69e12654c25d9b6fe636e55d4baf4a90c244745f8baa34019278f06901af6af09020500497a2fb49f70cf5d39d156dceb67905a985c98be646c4c53eabc668d487e3e4f53841b0baa1de31c88d1a49332d5c5d7c1ff9fc487d657dd5890672839cdc5bb3bb611304a8775fdd73917c4020e8f3c7a069444d7d0aedc174e4ec818b879a4e83567da86e5f0da9229f6e6d28a82aa84c794b2f09b42c0c7230511c28eb3075182f249348b27acfaa5da60d98a2de5bb2b78494d38eab6b09845984c7382d92c330312183502b28dd57baaffc7d4c551f361e58450a045c8a81617836306878a3c3f4355b6b94d43e9b917e78478dfb6fe39159ec54f6f19d871a3a0fc2640115c3b3691cc1f3d330044dbba8806cbdbf7f46e35eaa1a6a944fdb1ae5b32ce5a6a314d15a8a323bcad34e70a2636ba4296ae465cefdb7f148a348b1c3e25398d2875a48725ea9b09ef608042c77e145d0c2fce12ba51f8a4f0ba8e731a90827c686e3a4080cccc114821b086e6ac2b46ed4f4e02498180b4966e77d2356e1e4366cdc042921a0c5f9ceab1dcd04f7113c9882660c44fa467ad136a478b3407903f36b61e2df7a60520f68ae394f469b08accf83d4700808070d4e7c80f3eb9cf70df782393654c21d98720bb3f1c734f66d9ed4fee97c592d85e80c4e555256583006798c832b978f9cabaaaaf3271cfa26292989aee02ce069076ca92aaa29abdf4927820694f8a8fd2664c36d9c526e7eed4562f67f956f048db2101eb260e28af0e1b6833b0eec90fcb788657b4adff8ad2252fc34fcf3f210ad6d59d48fe42c3a181a4966bd4aceb46752cd64ca666a9be6e1b92c7be6283ca3c96e3f5cffd911600e501bf6f93fd23d1c6a8d13488d5c6b773857a37f0c2feb18754fb99e26d85a43055133bab0ea770c413d4dfaf06fcde8298c9e009d2b0ee9e89a94279c6d2a8d8185c491b7a94c4a6719f1fb4b380445803607b209ec26b0b30932bb21a88712c2af03a2258816c12fb907b53df4e0e16cf57612dc9d87d9d4a8c23108fd16d04546ceaa60ace8832222c71339560f456894d0244ec322628f25f6f8a75804268b335486f92704d3398f0a656e6473747265616d0a656e646f626a0a31342030206f626a0a3c3c2f547970652f4d657461646174610a2f537562747970652f584d4c2f4c656e67746820313738313e3e73747265616d0a3c3f787061636b657420626567696e3d27efbbbf272069643d2757354d304d7043656869487a7265537a4e54637a6b633964273f3e0a3c3f61646f62652d7861702d66696c74657273206573633d2243524c46223f3e0a3c783a786d706d65746120786d6c6e733a783d2761646f62653a6e733a6d6574612f2720783a786d70746b3d27584d5020746f6f6c6b697420322e392e312d31332c206672616d65776f726b20312e36273e0a3c7264663a52444620786d6c6e733a7264663d27687474703a2f2f7777772e77332e6f72672f313939392f30322f32322d7264662d73796e7461782d6e73232720786d6c6e733a69583d27687474703a2f2f6e732e61646f62652e636f6d2f69582f312e302f273e0a3c7264663a4465736372697074696f6e207264663a61626f75743d2763306639393134622d646436392d313165302d303030302d6664303633613330303461392720786d6c6e733a7064663d27687474703a2f2f6e732e61646f62652e636f6d2f7064662f312e332f27207064663a50726f64756365723d275c3337365c3337375c303030425c303030755c3030306c5c3030306c5c3030307a5c303030695c303030705c303030205c303030505c303030445c303030465c303030205c303030505c303030725c303030695c3030306e5c303030745c303030655c303030725c303030205c3030302f5c303030205c303030775c303030775c303030775c3030302e5c303030625c303030755c3030306c5c3030306c5c3030307a5c303030695c303030705c3030302e5c303030635c3030306f5c3030306d5c303030205c3030302f5c303030205c303030465c303030725c303030655c303030655c303030775c303030615c303030725c303030655c303030205c303030455c303030645c303030695c303030745c303030695c3030306f5c3030306e272f3e0a3c7264663a4465736372697074696f6e207264663a61626f75743d2763306639393134622d646436392d313165302d303030302d6664303633613330303461392720786d6c6e733a786d703d27687474703a2f2f6e732e61646f62652e636f6d2f7861702f312e302f273e3c786d703a4d6f64696679446174653e323031312d30392d30395432303a30353a30392b30323a30303c2f786d703a4d6f64696679446174653e0a3c786d703a437265617465446174653e323031312d30392d30395432303a30353a30392b30323a30303c2f786d703a437265617465446174653e0a3c786d703a43726561746f72546f6f6c3e556e6b6e6f776e4170706c69636174696f6e3c2f786d703a43726561746f72546f6f6c3e3c2f7264663a4465736372697074696f6e3e0a3c7264663a4465736372697074696f6e207264663a61626f75743d2763306639393134622d646436392d313165302d303030302d6664303633613330303461392720786d6c6e733a7861704d4d3d27687474703a2f2f6e732e61646f62652e636f6d2f7861702f312e302f6d6d2f27207861704d4d3a446f63756d656e7449443d2763306639393134622d646436392d313165302d303030302d666430363361333030346139272f3e0a3c7264663a4465736372697074696f6e207264663a61626f75743d2763306639393134622d646436392d313165302d303030302d6664303633613330303461392720786d6c6e733a64633d27687474703a2f2f7075726c2e6f72672f64632f656c656d656e74732f312e312f272064633a666f726d61743d276170706c69636174696f6e2f706466273e3c64633a7469746c653e3c7264663a416c743e3c7264663a6c6920786d6c3a6c616e673d27782d64656661756c74273e5c3337365c3337375c3030305a5c303030615c303030645c303030615c3030306e5c303030695c303030655c303030205c303030315c30303020205c3032345c303030205c3030304e5c3030306f5c303030745c303030615c303030745c3030306e5c303030695c3030306b3c2f7264663a6c693e3c2f7264663a416c743e3c2f64633a7469746c653e3c64633a63726561746f723e3c7264663a5365713e3c7264663a6c693e5c3337365c3337375c303030505c303030615c303030765c303030655c3030306c3c2f7264663a6c693e3c2f7264663a5365713e3c2f64633a63726561746f723e3c2f7264663a4465736372697074696f6e3e0a3c2f7264663a5244463e0a3c2f783a786d706d6574613e0a2020202020202020202020202020202020202020202020202020202020202020202020202020202020202020202020202020202020202020202020202020202020202020202020200a2020202020202020202020202020202020202020202020202020202020202020202020202020202020202020202020202020202020202020202020202020202020202020202020200a3c3f787061636b657420656e643d2777273f3e0a656e6473747265616d0a656e646f626a0a322030206f626a0a3c3c2f50726f6475636572285c3337365c3337375c303030425c303030755c3030306c5c3030306c5c3030307a5c303030695c303030705c303030205c303030505c303030445c303030465c303030205c303030505c303030725c303030695c3030306e5c303030745c303030655c303030725c303030205c3030302f5c303030205c303030775c303030775c303030775c3030302e5c303030625c303030755c3030306c5c3030306c5c3030307a5c303030695c303030705c3030302e5c303030635c3030306f5c3030306d5c303030205c3030302f5c303030205c303030465c303030725c303030655c303030655c303030775c303030615c303030725c303030655c303030205c303030455c303030645c303030695c303030745c303030695c3030306f5c3030306e290a2f4372656174696f6e4461746528443a32303131303930393230303530392b303227303027290a2f4d6f644461746528443a32303131303930393230303530392b303227303027290a2f5469746c65285c3337365c3337375c3030305a5c303030615c303030645c303030615c3030306e5c303030695c303030655c303030205c303030315c30303020205c3032345c303030205c3030304e5c3030306f5c303030745c303030615c303030745c3030306e5c303030695c3030306b290a2f417574686f72285c3337365c3337375c303030505c303030615c303030765c303030655c3030306c293e3e656e646f626a0a787265660a302031350a303030303030303030302036353533352066200a30303030303031343536203030303030206e200a30303030303038313533203030303030206e200a30303030303031333937203030303030206e200a30303030303031323337203030303030206e200a30303030303030303135203030303030206e200a30303030303031323137203030303030206e200a30303030303031353436203030303030206e200a30303030303031363437203030303030206e200a30303030303032323934203030303030206e200a30303030303031353837203030303030206e200a30303030303031363137203030303030206e200a30303030303032373233203030303030206e200a30303030303031393931203030303030206e200a30303030303036323935203030303030206e200a747261696c65720a3c3c202f53697a65203135202f526f6f74203120302052202f496e666f2032203020520a2f4944205b3c36434530304642304233373346334336423631463846364446353939393246333e3c36434530304642304233373346334336423631463846364446353939393246333e5d0a3e3e0a7374617274787265660a383730340a2525454f460a, 151),
            (552, 'Zadanie 2.pdf', 'Klasy na przykładzie stosu', 6875, 'application/pdf', 0x255044462d312e350a25c7ec8fa20a352030206f626a0a3c3c2f4c656e6774682036203020522f46696c746572202f466c6174654465636f64653e3e0a73747265616d0a789cc557c94ec3301015e912705137ba5016c9c7f410e3c4c171ae4808891b2837e0040209a948c0ff4b2429151385475c16d15c26d3d9fc3c6fec3c73298290cbfc5909b70b767419f3875756a8f9e5d9bbf0f2c09e99112aff150a2adf2ef8499a391a9e8844f3f49e4991248932baf83be0612c456478ac95080d4f17ccdb701a4eb3d57637e7e923f3c34089240eb8bff4bf6357ded6dc97228c0215c5def51379e910799b1abd90972e917b446e0167b76a23751096f47d54d180c86d220f817e07d82c8b568989b537227ac7a2e81e587c0320370671beaead6ad301711026d55cca44322ae572400d138003cdd50471ca1b7c939e3325b5088cc9fab3e837178036b1086ed361eb1649f563b011538b26d9b5c8d55f735d6d90ab35d73214c72ac9f1f557001352af4d21ba13a83569c523507197709aa23f0188d8ecd008c4a1bb32269476c0ba061628cf400dff3e252bbe7d42ea31584d0fe829ea6887516fb7eb484d17bb6701f9141443e3a0298ddac485c57fde0ea8add0d4ddaf23e000380ec042d63d0e6ac0a9f00f81df0375a27a60ef4f090187c0a6e4fca313ff97c795f528aada2c09f8bd7155cd6537ae6a08d8fa2d944b4636b44633cce66c6c805c0de08b62966ba8a1e93f5f400a9afec50504dd04fb84a53fbb807cc8330a7218e8ec0343715f1f675f2239c8dec1f0faa9db74dcc3fc0be4346517d9f3063be15aec656e6473747265616d0a656e646f626a0a362030206f626a0a3532300a656e646f626a0a342030206f626a0a3c3c2f547970652f506167652f4d65646961426f78205b30203020353935203834325d0a2f526f7461746520302f506172656e742033203020520a2f5265736f75726365733c3c2f50726f635365745b2f504446202f546578745d0a2f457874475374617465203130203020520a2f466f6e74203131203020520a3e3e0a2f436f6e74656e74732035203020520a3e3e0a656e646f626a0a332030206f626a0a3c3c202f54797065202f5061676573202f4b696473205b0a34203020520a5d202f436f756e7420310a3e3e0a656e646f626a0a312030206f626a0a3c3c2f54797065202f436174616c6f67202f50616765732033203020520a2f4f70656e416374696f6e205b3420302052202f4669745d0a2f4d65746164617461203134203020520a3e3e0a656e646f626a0a372030206f626a0a3c3c2f547970652f4578744753746174650a2f4f504d20313e3e656e646f626a0a31302030206f626a0a3c3c2f52370a37203020523e3e0a656e646f626a0a31312030206f626a0a3c3c2f52380a38203020523e3e0a656e646f626a0a382030206f626a0a3c3c2f42617365466f6e742f414a4b5146532b545431336f30302f466f6e7444657363726970746f722039203020522f547970652f466f6e740a2f46697273744368617220312f4c617374436861722032392f5769647468735b2036303320363033203630332036303320363033203630332036303320363033203630332036303320363033203630332036303320363033203630330a363033203630332036303320363033203630332036303320363033203630332036303320363033203630332036303320363033203630335d0a2f456e636f64696e67203133203020522f537562747970652f54797065313e3e0a656e646f626a0a31332030206f626a0a3c3c2f547970652f456e636f64696e672f42617365456e636f64696e672f57696e416e7369456e636f64696e672f446966666572656e6365735b0a312f5a2f612f642f6e2f692f652f73706163652f74776f2f552f722f752f632f682f6f2f6d2f700a2f7a2f742f732f772f6c2f792f6b2f6a2f706572696f642f622f432f532f6f6e655d3e3e0a656e646f626a0a392030206f626a0a3c3c2f547970652f466f6e7444657363726970746f722f466f6e744e616d652f414a4b5146532b545431336f30302f466f6e7442426f785b30202d32303520353930203737305d2f466c6167732033320a2f417363656e74203737300a2f436170486569676874203633380a2f44657363656e74202d3230350a2f4974616c6963416e676c6520300a2f5374656d562038380a2f58486569676874203534310a2f43686172536574282f432f532f552f5a2f612f622f632f642f652f682f692f6a2f6b2f6c2f6d2f6e2f6f2f6f6e652f702f706572696f642f722f732f73706163652f742f74776f2f752f772f792f7a292f466f6e7446696c6533203132203020523e3e0a656e646f626a0a31322030206f626a0a3c3c2f46696c7465722f466c6174654465636f64650a2f537562747970652f5479706531432f4c656e67746820323231303e3e73747265616d0a789ca5967b5054e719c60fec9e0b72077759757195405ce51e6e22155c445184a8040416412c8ab3a8a0a83112db449db672beb3b6d68cc65b5544548c4a2592721154481c94d6044531f552ef17144a6afaeeeebb4bfb2d6867dabfdae99e9d9d33e7b6effb7b9fe7f98e032377641c1c1c848c8cf088d2b030fb7e28c1c5a607e69d2c71911117f9d8118c7cab5643c8bf765c78a21e51e405519e03ee5d1e8cfde32b771be3e130c2dbcb79a4e368a58ba78c7365d52a1f2785bbafc08f6298b9cc3cc69f99cfc4311f30194c26b380c9661299e98c9e4962729919cc4c663693c24432739854269a4963de67bc186fc6817167c6d2fa18477a5987c30c8746873b8ea31d4f385a6509b22df248f971793f9bcb7ec2fe952be1bee46ef0e5fc1f798b304f28126e09834eab9dd639fdc24d2def029dd2d2053958c03f8340f0bc0911121489afd18de056c1f631eacdf13cb9fdc937a5b5a527f3f7cf31be5be1370b653846b0e5600e6f7f82c956a6c04882de4da10321fd79a021904c20b10134cf069ef683770b444a10258257f6b3094f031a5143309160f242d4844e080940af5c8c2202e1402b7f265eab3ddfddda5dfd0381510414abfe96d5bda07b7a6d88142a261665e916e856bf43504170d411fff3ba56ddf5a2a712bdd35e845abeb54e81aa02f45e874e74480463bf416f70434f7049850802b9f47b19a2c11d3cc183fe465f863c237015e0b21e944502cee251f935bad5206744650532fa984931da027427a82518da8c9ebd41bd93c03d1702a567223095e0de2c60083f8cd0aa51a8d90e4a7131ff8a5274e9013f09bcc4bedcebc1d7024fdb2b9e4c3065310644a12c9ad26333ed149cc884a6987ec1ba8782841c73b0e289f6b1fe91f440bc5adbd4d3d87df8476267b93d0146628811e515fe33b5a816ac8b87feb44f095adedc6a29656ddb406b59855ace7661b094355f40ede0a12126d06c1fad9e8e768016e57b1312a40ef1eae69e8f05bc865a88e6576c2fddb6c638b562d686798679cbe6ce4f8d116c0b503fdc94be5e01c93c042683cf7270906e8b9d7b5abf683d5e7596b4908eb456f43c8b4bbf55e1e4f3b1cf098c21afcedce86ebbd1faf7a3a0967e10c1e56350af14308a47c519743e808c9424a6ffaca06c51e987065240329a0b7a8ba12242f5d87065e99982bafcdfa59319e49dc5b1d17327a721578a7e043d08aa0ea15fc39b095bba9493ca83b784110c27c854cfff3abdbd041c09440ba68358055aa88232da6c99c9805aabc17a8127a9bf2ed8be6ec79abd1f1eded8b0a273e33ddac3edcf6e1d103070a8434ba3a54b31d8857a28e04331143d757621e2123f70055163de0839362afda8dd738f18aa977d55de691ca8787d1564e02b98f5f0169212f5962e165238f0b73d61250e32cd5b58f8808354db41761b075116190b811c960c76b1b880c30c732b2b72b8ccd6ca62f6505fe60ef054a073003ae7a233994862ab532ea6b6157f471e12706c79d477b5ff2aa84e428c5100b7971cb955de6e386d3899b16faa8472119d8ad1355580781e34cde05305ae12f88a2f4bdb32db338e0651808255cf93d9bfcdff7cedee35873fad953e170f6c3bb2633f7aa8e6accdfdd44002496a936180225e01ce0aa84ee771a7880a1dc10092b96fd18995278beb37b64977c5fb75cfeebc19044d0c351748e9a40d8bfde67f2bf6961860f4385a45a50a3950f93fc91ddca9c7407b8fef21ed3b4f579daaac6da9fd73cb6b95b5d052c9c20a0e5edb8ec13fccc75898c5595bd518b328282b39ad68545a51d447c81121725843bda714e85488c27a1408ce2338a1e9ddbe8057d9309e400a81a41618db3fd0df079a169829012782500ebc41c0581e3dff30be325c424e0c5b325b9732cd104070240da2d3fe5dbaef747d45e0213d175f1f04a7460143872bd60e3934cb5cc3dae2a94303ec0e2db0d5b0e60dd4a159c3f5b82aa9f82651f1b9ea28719a36dac6c417339e2f052581293447bf8280bf80ec3e559dac0d7c257016fb73ee4d124c36c8519bbb696e982fca435ebe772e428a1493972c9cb6307e0d758e9ae0673d34fd028d20a39aed83b182e9a7c39aefad57a06f9e3d252980f709fa3706bc98d09b0dbe046611883b079a97e0f01218706f832009824460f3bbdebb1e760ac75360429a6d03bf1725f0417720d28f14d061f03c2f60186f5b6bea559876567304b2e25e6294142fa6adcccd5898bef2279b27fe8772ac9bf8ff67bde9545ae2ad1ad09a1e51f7e6f0656a3652010408d26db8cbad6af95d0526f0e87711bd8ea2cc88d32b22e6131c41f4fb0abf283db1e252c9831270cf5781500829b39fa023c1e051045df28283678624a177f150c8101c5789ba2601b2784898027e4b81955e88b7f6b79f69af3dda423a4943f9ef0dc70dd549a7c7d5a14f830a958d61cdd9adfa73abff441e10e0ea1ef65cfebe036427c0cf08420528d64340e15b165aab4c01b1fc405effda3e7297b41fa8a9aff972eff7f436c1e26f9d0f5ab372f0373cc1a9cbd16356fc9c78bf2554212124601f32a7e9334c9bd5dce17f6f1bca86f0ea07b7f2a69f9bf6b290c7599758d79b2e59fb593cc459f79baeb0d62b6ff35dab6669017adb3e8ee0984a6dfddcfab4ae925e9addddc71a3b1a2e1deaa77614ccbba8cfcb6915d1eb912b4c9e8c13716c2266129c42d0ed6cdcc329f70b414d608e60de3d3c9bc74a35bbcb3a990ec7362cd0e1b58aae433aba38de87c03b3d3d529fd899508d81c20eae8b1eb8f95cfa566c29abd1d764ef8923e828d84ee134f3119eb4ffb26ef3a14d07cb77ae31a656cc88d361b8609b8b3af3269e74ffeadca6239babca77951a575514af2dcc2fcc33a497cc1e3aff3699690d1ab5bc8cb76a225870e34d8f208d555bea4c1a6abfd2370bb7dda277201cdce89b4134c43e7aaca2af07ee3491098c243d6b3b1636e535a456c54b4122ca97a1325980441e3c5ac0a51a9c24182b8243d1bdc4bbbaba49f6808bfb28a170e6d2a494a92131d15354188eda601cb71c7d04b30cb5b6d743631f82645042333423dd783786f927d78b17010a656e6473747265616d0a656e646f626a0a31342030206f626a0a3c3c2f547970652f4d657461646174610a2f537562747970652f584d4c2f4c656e67746820313738313e3e73747265616d0a3c3f787061636b657420626567696e3d27efbbbf272069643d2757354d304d7043656869487a7265537a4e54637a6b633964273f3e0a3c3f61646f62652d7861702d66696c74657273206573633d2243524c46223f3e0a3c783a786d706d65746120786d6c6e733a783d2761646f62653a6e733a6d6574612f2720783a786d70746b3d27584d5020746f6f6c6b697420322e392e312d31332c206672616d65776f726b20312e36273e0a3c7264663a52444620786d6c6e733a7264663d27687474703a2f2f7777772e77332e6f72672f313939392f30322f32322d7264662d73796e7461782d6e73232720786d6c6e733a69583d27687474703a2f2f6e732e61646f62652e636f6d2f69582f312e302f273e0a3c7264663a4465736372697074696f6e207264663a61626f75743d2762356136363563612d646436392d313165302d303030302d6435303562653762353933662720786d6c6e733a7064663d27687474703a2f2f6e732e61646f62652e636f6d2f7064662f312e332f27207064663a50726f64756365723d275c3337365c3337375c303030425c303030755c3030306c5c3030306c5c3030307a5c303030695c303030705c303030205c303030505c303030445c303030465c303030205c303030505c303030725c303030695c3030306e5c303030745c303030655c303030725c303030205c3030302f5c303030205c303030775c303030775c303030775c3030302e5c303030625c303030755c3030306c5c3030306c5c3030307a5c303030695c303030705c3030302e5c303030635c3030306f5c3030306d5c303030205c3030302f5c303030205c303030465c303030725c303030655c303030655c303030775c303030615c303030725c303030655c303030205c303030455c303030645c303030695c303030745c303030695c3030306f5c3030306e272f3e0a3c7264663a4465736372697074696f6e207264663a61626f75743d2762356136363563612d646436392d313165302d303030302d6435303562653762353933662720786d6c6e733a786d703d27687474703a2f2f6e732e61646f62652e636f6d2f7861702f312e302f273e3c786d703a4d6f64696679446174653e323031312d30392d30395432303a30343a35302b30323a30303c2f786d703a4d6f64696679446174653e0a3c786d703a437265617465446174653e323031312d30392d30395432303a30343a35302b30323a30303c2f786d703a437265617465446174653e0a3c786d703a43726561746f72546f6f6c3e556e6b6e6f776e4170706c69636174696f6e3c2f786d703a43726561746f72546f6f6c3e3c2f7264663a4465736372697074696f6e3e0a3c7264663a4465736372697074696f6e207264663a61626f75743d2762356136363563612d646436392d313165302d303030302d6435303562653762353933662720786d6c6e733a7861704d4d3d27687474703a2f2f6e732e61646f62652e636f6d2f7861702f312e302f6d6d2f27207861704d4d3a446f63756d656e7449443d2762356136363563612d646436392d313165302d303030302d643530356265376235393366272f3e0a3c7264663a4465736372697074696f6e207264663a61626f75743d2762356136363563612d646436392d313165302d303030302d6435303562653762353933662720786d6c6e733a64633d27687474703a2f2f7075726c2e6f72672f64632f656c656d656e74732f312e312f272064633a666f726d61743d276170706c69636174696f6e2f706466273e3c64633a7469746c653e3c7264663a416c743e3c7264663a6c6920786d6c3a6c616e673d27782d64656661756c74273e5c3337365c3337375c3030305a5c303030615c303030645c303030615c3030306e5c303030695c303030655c303030205c303030325c30303020205c3032345c303030205c3030304e5c3030306f5c303030745c303030615c303030745c3030306e5c303030695c3030306b3c2f7264663a6c693e3c2f7264663a416c743e3c2f64633a7469746c653e3c64633a63726561746f723e3c7264663a5365713e3c7264663a6c693e5c3337365c3337375c303030505c303030615c303030765c303030655c3030306c3c2f7264663a6c693e3c2f7264663a5365713e3c2f64633a63726561746f723e3c2f7264663a4465736372697074696f6e3e0a3c2f7264663a5244463e0a3c2f783a786d706d6574613e0a2020202020202020202020202020202020202020202020202020202020202020202020202020202020202020202020202020202020202020202020202020202020202020202020200a2020202020202020202020202020202020202020202020202020202020202020202020202020202020202020202020202020202020202020202020202020202020202020202020200a3c3f787061636b657420656e643d2777273f3e0a656e6473747265616d0a656e646f626a0a322030206f626a0a3c3c2f50726f6475636572285c3337365c3337375c303030425c303030755c3030306c5c3030306c5c3030307a5c303030695c303030705c303030205c303030505c303030445c303030465c303030205c303030505c303030725c303030695c3030306e5c303030745c303030655c303030725c303030205c3030302f5c303030205c303030775c303030775c303030775c3030302e5c303030625c303030755c3030306c5c3030306c5c3030307a5c303030695c303030705c3030302e5c303030635c3030306f5c3030306d5c303030205c3030302f5c303030205c303030465c303030725c303030655c303030655c303030775c303030615c303030725c303030655c303030205c303030455c303030645c303030695c303030745c303030695c3030306f5c3030306e290a2f4372656174696f6e4461746528443a32303131303930393230303435302b303227303027290a2f4d6f644461746528443a32303131303930393230303435302b303227303027290a2f5469746c65285c3337365c3337375c3030305a5c303030615c303030645c303030615c3030306e5c303030695c303030655c303030205c303030325c30303020205c3032345c303030205c3030304e5c3030306f5c303030745c303030615c303030745c3030306e5c303030695c3030306b290a2f417574686f72285c3337365c3337375c303030505c303030615c303030765c303030655c3030306c293e3e656e646f626a0a787265660a302031350a303030303030303030302036353533352066200a30303030303030383433203030303030206e200a30303030303035383731203030303030206e200a30303030303030373834203030303030206e200a30303030303030363234203030303030206e200a30303030303030303135203030303030206e200a30303030303030363035203030303030206e200a30303030303030393333203030303030206e200a30303030303031303334203030303030206e200a30303030303031343432203030303030206e200a30303030303030393734203030303030206e200a30303030303031303034203030303030206e200a30303030303031373138203030303030206e200a30303030303031323930203030303030206e200a30303030303034303133203030303030206e200a747261696c65720a3c3c202f53697a65203135202f526f6f74203120302052202f496e666f2032203020520a2f4944205b3c30463132393646374231414446463035453245343434424246373146323433323e3c30463132393646374231414446463035453245343434424246373146323433323e5d0a3e3e0a7374617274787265660a363432320a2525454f460a, 151),
            (553, 'Zadanie 3.pdf', 'Dynamiczna alokacja pamięci', 7582, 'application/pdf', 0x255044462d312e350a25c7ec8fa20a352030206f626a0a3c3c2f4c656e6774682036203020522f46696c746572202f466c6174654465636f64653e3e0a73747265616d0a789cb5565d4be34014c5244d742cd5b6ba7eebb8fb602a649c8f984c5e0511c417256fd6279715841674ff3f6c3e146f8c47dadd357939b93373e79c33f78679e25228cd65f9be82fb093bb949f9c36f5685f9cdc50b787e604fcc0a533e5580e2fb093fcb8b859667224b78fe8b49916599b14935acb84ea5882d4f1323b4e5f984850b8eeb781d3f581ce58f2cd2ca882c553caad7ff64b7e1c2289242c7cac469e812ec13bc447087600fc4c753f2b14cb04370b7c632513a0c40221a1f3f938f1ec12b80f52a88f72b6c329b268d39f3b06eb11b103c046bfb805000e6407274d21a48346c596a6c2ce38600eadc3ac8d305628640fc3b17eff24b66642294b545855615d70112bf815d3700b3151077414e0f28d904c5879c6ae649a416a7262b7546af42497b21cb1a360d0033ca600bcc812de290fe42127db019ecc12918687b5bf7172a671fb15e9b4132653a6fd1f481eda8675da47eb945a2dd5f880454bc0e18e1b2fca0bfbc39edd9feb8865551c4baced89dc1a83ec0b3fcdcd0e10e28b3baa7ae58b8333a62f9f1edff73b1614099797e9e6f7897e03d82f7df6f72f04fc6fcc5861c9532f5c50547874ac0076c7b6d86d59fe8eb18c272a0e66e00e33a84a2070e2300523f9584ae4b28714345c383c6c8cc877e8806b54a8aaba0e1d16971674cab460fbfaff6c653cf097e9497c5f39c5d17ef1f9f71fa52656e6473747265616d0a656e646f626a0a362030206f626a0a3531330a656e646f626a0a342030206f626a0a3c3c2f547970652f506167652f4d65646961426f78205b30203020353935203834325d0a2f526f7461746520302f506172656e742033203020520a2f5265736f75726365733c3c2f50726f635365745b2f504446202f546578745d0a2f457874475374617465203130203020520a2f466f6e74203131203020520a3e3e0a2f436f6e74656e74732035203020520a3e3e0a656e646f626a0a332030206f626a0a3c3c202f54797065202f5061676573202f4b696473205b0a34203020520a5d202f436f756e7420310a3e3e0a656e646f626a0a312030206f626a0a3c3c2f54797065202f436174616c6f67202f50616765732033203020520a2f4f70656e416374696f6e205b3420302052202f4669745d0a2f4d65746164617461203134203020520a3e3e0a656e646f626a0a372030206f626a0a3c3c2f547970652f4578744753746174650a2f4f504d20313e3e656e646f626a0a31302030206f626a0a3c3c2f52370a37203020523e3e0a656e646f626a0a31312030206f626a0a3c3c2f52380a38203020523e3e0a656e646f626a0a382030206f626a0a3c3c2f42617365466f6e742f595442584e552b545431356f30302f466f6e7444657363726970746f722039203020522f547970652f466f6e740a2f46697273744368617220312f4c617374436861722033352f5769647468735b2036303320363033203630332036303320363033203630332036303320363033203630332036303320363033203630332036303320363033203630330a3630332036303320363033203630332036303320363033203630332036303320363033203630332036303320363033203630332036303320363033203630330a3630332036303320363033203630335d0a2f456e636f64696e67203133203020522f537562747970652f54797065313e3e0a656e646f626a0a31332030206f626a0a3c3c2f547970652f456e636f64696e672f42617365456e636f64696e672f57696e416e7369456e636f64696e672f446966666572656e6365735b0a312f5a2f612f642f6e2f692f652f73706163652f74687265652f662f6f2f772f632f702f722f7a2f740a2f732f6b2f6c2f752f622f792f682f6d2f6a2f636f6c6f6e2f62726163656c6566742f706172656e6c6566742f706172656e72696768742f73656d69636f6c6f6e2f617363696974696c64652f760a2f627261636572696768742f532f6f6e655d3e3e0a656e646f626a0a392030206f626a0a3c3c2f547970652f466f6e7444657363726970746f722f466f6e744e616d652f595442584e552b545431356f30302f466f6e7442426f785b30202d32303520353930203738335d2f466c6167732033320a2f417363656e74203738330a2f436170486569676874203633380a2f44657363656e74202d3230350a2f4974616c6963416e676c6520300a2f5374656d562038380a2f58486569676874203534310a2f43686172536574282f532f5a2f612f617363696974696c64652f622f62726163656c6566742f627261636572696768742f632f636f6c6f6e2f642f652f662f682f692f6a2f6b2f6c2f6d2f6e2f6f2f6f6e652f702f706172656e6c6566742f706172656e72696768742f722f732f73656d69636f6c6f6e2f73706163652f742f74687265652f752f762f772f792f7a292f466f6e7446696c6533203132203020523e3e0a656e646f626a0a31322030206f626a0a3c3c2f46696c7465722f466c6174654465636f64650a2f537562747970652f5479706531432f4c656e67746820323737313e3e73747265616d0a789ca5566b54535716be90e4decb4310351825184552a33c7de0a38c689087221454140982d0286d144541cbd4da8ee2aa857b6e504747ad8faa3c158ba20c560141858ecb4a478da5625b6bb556b128946a6727ecc49913d0aed57f336b72d759ebac9cb3cfddfb3bdff7edebc0481d190707073e31717c487670b07d1e4c30c37cdf522223ae12e22a1de1cc480b342a427e9fb87244e9fa6c10ccf60007f79b0319fb6fb4d47980839bc7c021235d1ce59eaeee12d669a8cc67d8a0c10aafd1a37815377c84d29b61e29904661e13ca2c60129985cc22268959cc8433b3181d13c1a430914c1413cdcc61629849cc5c26968963de6096308398346608b3947160bc1825e3c43833be3465c691865c710873c870f8c431c8719363b3e343c938c9b7d204e96e99a3ec35d91e56cebec91e65bfe0567317b92e5ecae739f938453bfde22c3adf777ee8227599eaf23797676e4aa909b49ebd2648c674ae03fcc0e3164c142153788e6e040b78db7ba8b38471e4bbbffc23bb3abb2aede05ce36b853eb351825ebc2d199339fb09665b8e1c27111c5c1fd413d89d0a2a02d104c2cf81aaa3e751370c6e8449228408306871c79847ea3a54110c2718bd0455416302d538280543084f58d0483b849bd517da9adaca7f25308c807ccdb3a4b6456db3aa03c520213c3349bb48bb76344139c16165be17b44ddaaf321f8934b2bf0cab4aae945da19564704f6925aeede023c220a12be5ab809b7e27ed515309c664a03a0425936905b285f64c9cc898fa29ddbc751f2d06922d01f2879a9f740fc4fbc2b5eafaf6bab692df88bd9e1d336008061a515ae81ba541256fcde8abbccb13349ca5a9375b662b024def1ad4b0b68b2fb265968ba87971a43faf063bbc3a0a6f0f4dcafb16cc10af08d7f2dbdfe3f1266a603297b523bb28d738bd70f6bb098684b7e2e7c54ee16d8b50d7773ee8cec8219a03bf6818ba121cc4ef84d67d4d9f361d2bad258de44a5c137ad4e2f2eb0a9c7a61da63025ee4e9e9afdb9abf6efa570528c55f05707d0f94ab780ce1507e1a5d0e21234608f3df4fcf599afd8e81a493c486f4ce15503851f193e1eaf2d3e935699fcc27916474c6b4c9f153e390cd461f8203092a8ea0cfb99728f79a3cc76d08d84245329e20533eeff3f92dabc191c064de7c184b4103a590438bcd311b506335582f7224765bfa8ef53b73f7bf53b2f15c56ebc6bbb486ef76dd3ec4a35f5f85bd75bd26f90b13ea209d0bc220f4d0dac980cb7c6000082acb4648b651fa857c1c5f66287febb30dadc69ec2e7d74002debc4507fd2099f7795a137a4d3230b0f0c4d60b9d965e19bcc15a135e9864a8ebbf049d27eaec5b6258f0b53d94892c2cb46c91c10216626d8765452c84f44a64e0c7e26a7bd02216132d4d3281c5b76c4d325cdc7786e50a78c8d1458d2e29e842c69269e53197629b57dc203f12706c7cd075adfb1a28aa608a9107b7272cb9bda1c570d250957860ba8852019d56e080581ec2385035c0d052182082b7f024bb79614b62853fc598b7ea3832e7af697bd77d9c5bb2a95adc2b1c2a2adb7910072ae6ae4bd964207e24b6ded0436f210b5ce4503e9fc3dd02cab504d564e181a5c75755ad38b3b159fc5eb857d371e77745782a593f0a605cbf1e6efdb77a689c028c0e872b289b21198aff2745803b952168ee72eda465f7c9d213c5d58dd5df363e5758f5bdc532c862e1b9ed28fcdb725406b3596b9312a72cf54f8a8ecb1c169719f26764093fa99f669d27e4e8a4473e0f79820904c7d4bfd6a57eba184611882110d10823ba7bbabb40d5085122b002f01b8033f0388d438fb3a38ac78bc80ac1cbe66863661ad4048750bf38e96bd2ded07665c240f1b1f0fc3038d5f118d49fb1a64fc449964a992d8c8a586d1771baad526679978a38a93f9f019e949fe3283f076829e2e84e3475e13f473e5e0e9e045ea776f719a87f00c93d4a4c4933788be0227427df1dc79b6d90acb4b4516bb15c92063e99707ea23849885eb664e692b05c2a2e25c15ded3818fc8c20a1b4ee8211bcf9cd7e59749e91a3772a0e5e6f07e00d82be75ea9fc7742e066f02b309849e07d5137078020cb83783bf08fe02c8d24c13be0a3e81a328607c9ced5d6e3f8a3014dd8188bf51804ac0e3028fc19c6d9db9536ede5dce12480a7d8221629810b72a2571c9fc557fca1ffb9239e6044f0a4303957303b01c01bf6a604cd74c5f8273154c360253f8ebfb9d6b789cc069aac61d1867541746e4e933f5faf57348008f4af33eaafd7d2fd4af3cec250dad9bb9ffa7c7b47af6865955a0313fa06e91cce5286593e44080207dfa212b504abf97e30c0e7d2ee1a00a94187156e1c479049d89ee80fed3ece3599757df5f0dee690ae0f51033e7213a120c1846d0353520202a300207afe8333582238b515bcf431207335e079fe520137f166e1f6c39dd525dd1485ac9b90da70cc70ce5112747d6e0d0730af4ac0b6e58dca43bbff69fe43e01b6e6c7f62fbeb90292e3e06304be10e479a0d6bf92a4c62a91c334ae27b57b5d17f99eb41caa3c53f9f7fddfd030bed7d73a0f3416cf17db3982d357e2c0d96173c37c9651ba0512f501644ed233ccf94ab6e48f65434e1fbcba17059cf903f37e19a4b2d665d63cf3656bb70c8fb0d683e6ab32ebd5977761fec95329db639d4a61b4f5f3b2bf8bd10ea5a56df31ef8dd696f17bb84d619e5e8c7ef644df48f5b8fc5eb42634ea5ae72f1be50828ebced04ceb49471a4656b4dfe91cd8737ecce35c61646866a713c6f8b47ad653347da3e3abfb92cbf74c39e6ce39ac215ebf469fa54c3fcd573fad65f5d16eb2747cd746eac10f5813e579f939741e6919c6d593b324b51a5d895b27d39594ddd2d3a00557a502db916407034c92a58969fbe06bd151f667c9445de21f187326a726a72af6f7a4af8dba819c5e230a22e8d68886878db443ac8a96d677736554294627b89584eca09b8cdbc8201221f08633b580828fcfa328181a444a8d85a9105918a2d0d1f9d25b504168077275488fc6faf7a07854ba594e67056d54419b871e607102753f6d69855d420b25fde023650db6be7bac88ddd352535a5876ac96572b8a0724bed5af0566c39bbf514f99480cf8d47a0ac43654d246dd76a7274fba99df565a052ecac2eaa24a5e4f3bc5a7da9be2472af46e4a9153d6761b8d09363d299924f46902092b1352d5fb70a231505d905d9249736e7f678f037f28f706c108bfe42581ca18a5a53b4a628f718462976256f4f237a1e1371843f1e1de1d35f4dce877208e76068ca2febae1b7f2c34555cb874b1b9ec2679487e59d13ef752ccc5e00a1c60e4fd41d3c23e286cdd5eb3a77657f591aaaa8b0d65ade40eb99a7721a3e6cd530b0e47881ac1371b258b78d07220a906c927c08ae0253c5b756b5e7b7cf534427d72da5874c3d450c8d20283c309265171a5a12428343014ddf538818c23eabd3ec75eaaa3cdccca4977d9ddc6ab17ae7e79fc8eb1b5d0b4ee761af88728da533f5f5f2bb609a7bfdc06c378d0b0c42777eaa2b9497367674d15638588e2d073e87f5f31f34c42713afdc65936e743f4e4a98fdb4fede3bdc15229a766d680f4e16c95d2dfe7fdabd826efe2da76d6b6ed80913cbaf5ad46b3044f8cc531a8cba7f9f576fe31a6d7442f1cb38a31b20b55106e1f51b092b64502c6ebf036a86056df88ec86ac329a0a87e199387c72007a05e288148c24b88ae0da7a8cee40e563f482e19321dc60dfd76f137675c0eab51039065438cb3eaea1816011c11d9168c01148df4807edbc59eb281e1cccaa82e13f3c06afc7a03c67fffa5e4b60652a44058077002871f83d9c556ddfe7c630ff010f1d6b730a656e6473747265616d0a656e646f626a0a31342030206f626a0a3c3c2f547970652f4d657461646174610a2f537562747970652f584d4c2f4c656e67746820313738313e3e73747265616d0a3c3f787061636b657420626567696e3d27efbbbf272069643d2757354d304d7043656869487a7265537a4e54637a6b633964273f3e0a3c3f61646f62652d7861702d66696c74657273206573633d2243524c46223f3e0a3c783a786d706d65746120786d6c6e733a783d2761646f62653a6e733a6d6574612f2720783a786d70746b3d27584d5020746f6f6c6b697420322e392e312d31332c206672616d65776f726b20312e36273e0a3c7264663a52444620786d6c6e733a7264663d27687474703a2f2f7777772e77332e6f72672f313939392f30322f32322d7264662d73796e7461782d6e73232720786d6c6e733a69583d27687474703a2f2f6e732e61646f62652e636f6d2f69582f312e302f273e0a3c7264663a4465736372697074696f6e207264663a61626f75743d2764353364386534622d646436392d313165302d303030302d3261303134346563623037652720786d6c6e733a7064663d27687474703a2f2f6e732e61646f62652e636f6d2f7064662f312e332f27207064663a50726f64756365723d275c3337365c3337375c303030425c303030755c3030306c5c3030306c5c3030307a5c303030695c303030705c303030205c303030505c303030445c303030465c303030205c303030505c303030725c303030695c3030306e5c303030745c303030655c303030725c303030205c3030302f5c303030205c303030775c303030775c303030775c3030302e5c303030625c303030755c3030306c5c3030306c5c3030307a5c303030695c303030705c3030302e5c303030635c3030306f5c3030306d5c303030205c3030302f5c303030205c303030465c303030725c303030655c303030655c303030775c303030615c303030725c303030655c303030205c303030455c303030645c303030695c303030745c303030695c3030306f5c3030306e272f3e0a3c7264663a4465736372697074696f6e207264663a61626f75743d2764353364386534622d646436392d313165302d303030302d3261303134346563623037652720786d6c6e733a786d703d27687474703a2f2f6e732e61646f62652e636f6d2f7861702f312e302f273e3c786d703a4d6f64696679446174653e323031312d30392d30395432303a30353a34332b30323a30303c2f786d703a4d6f64696679446174653e0a3c786d703a437265617465446174653e323031312d30392d30395432303a30353a34332b30323a30303c2f786d703a437265617465446174653e0a3c786d703a43726561746f72546f6f6c3e556e6b6e6f776e4170706c69636174696f6e3c2f786d703a43726561746f72546f6f6c3e3c2f7264663a4465736372697074696f6e3e0a3c7264663a4465736372697074696f6e207264663a61626f75743d2764353364386534622d646436392d313165302d303030302d3261303134346563623037652720786d6c6e733a7861704d4d3d27687474703a2f2f6e732e61646f62652e636f6d2f7861702f312e302f6d6d2f27207861704d4d3a446f63756d656e7449443d2764353364386534622d646436392d313165302d303030302d326130313434656362303765272f3e0a3c7264663a4465736372697074696f6e207264663a61626f75743d2764353364386534622d646436392d313165302d303030302d3261303134346563623037652720786d6c6e733a64633d27687474703a2f2f7075726c2e6f72672f64632f656c656d656e74732f312e312f272064633a666f726d61743d276170706c69636174696f6e2f706466273e3c64633a7469746c653e3c7264663a416c743e3c7264663a6c6920786d6c3a6c616e673d27782d64656661756c74273e5c3337365c3337375c3030305a5c303030615c303030645c303030615c3030306e5c303030695c303030655c303030205c303030335c30303020205c3032345c303030205c3030304e5c3030306f5c303030745c303030615c303030745c3030306e5c303030695c3030306b3c2f7264663a6c693e3c2f7264663a416c743e3c2f64633a7469746c653e3c64633a63726561746f723e3c7264663a5365713e3c7264663a6c693e5c3337365c3337375c303030505c303030615c303030765c303030655c3030306c3c2f7264663a6c693e3c2f7264663a5365713e3c2f64633a63726561746f723e3c2f7264663a4465736372697074696f6e3e0a3c2f7264663a5244463e0a3c2f783a786d706d6574613e0a2020202020202020202020202020202020202020202020202020202020202020202020202020202020202020202020202020202020202020202020202020202020202020202020200a2020202020202020202020202020202020202020202020202020202020202020202020202020202020202020202020202020202020202020202020202020202020202020202020200a3c3f787061636b657420656e643d2777273f3e0a656e6473747265616d0a656e646f626a0a322030206f626a0a3c3c2f50726f6475636572285c3337365c3337375c303030425c303030755c3030306c5c3030306c5c3030307a5c303030695c303030705c303030205c303030505c303030445c303030465c303030205c303030505c303030725c303030695c3030306e5c303030745c303030655c303030725c303030205c3030302f5c303030205c303030775c303030775c303030775c3030302e5c303030625c303030755c3030306c5c3030306c5c3030307a5c303030695c303030705c3030302e5c303030635c3030306f5c3030306d5c303030205c3030302f5c303030205c303030465c303030725c303030655c303030655c303030775c303030615c303030725c303030655c303030205c303030455c303030645c303030695c303030745c303030695c3030306f5c3030306e290a2f4372656174696f6e4461746528443a32303131303930393230303534332b303227303027290a2f4d6f644461746528443a32303131303930393230303534332b303227303027290a2f5469746c65285c3337365c3337375c3030305a5c303030615c303030645c303030615c3030306e5c303030695c303030655c303030205c303030335c30303020205c3032345c303030205c3030304e5c3030306f5c303030745c303030615c303030745c3030306e5c303030695c3030306b290a2f417574686f72285c3337365c3337375c303030505c303030615c303030765c303030655c3030306c293e3e656e646f626a0a787265660a302031350a303030303030303030302036353533352066200a30303030303030383336203030303030206e200a30303030303036353738203030303030206e200a30303030303030373737203030303030206e200a30303030303030363137203030303030206e200a30303030303030303135203030303030206e200a30303030303030353938203030303030206e200a30303030303030393236203030303030206e200a30303030303031303237203030303030206e200a30303030303031353234203030303030206e200a30303030303030393637203030303030206e200a30303030303030393937203030303030206e200a30303030303031383634203030303030206e200a30303030303031333037203030303030206e200a30303030303034373230203030303030206e200a747261696c65720a3c3c202f53697a65203135202f526f6f74203120302052202f496e666f2032203020520a2f4944205b3c44314536453936423837414445374432413935433645464142454233313430333e3c44314536453936423837414445374432413935433645464142454233313430333e5d0a3e3e0a7374617274787265660a373132390a2525454f460a, 151);

            INSERT INTO `news_feed` (`id`, `content`, `_date`, `course_id`) VALUES
            (400, 'Nastąpiło przeniesienie zajęć dla grupy A1 z wtorku do sali E115. Grupa A2 swoje zajęcia będzie odbywała w dotychczasowej sali.', '2011-03-14 18:56:45', 151),
            (450, 'Zapraszam wszystkich na konsultację w poniedziałki w godzinach 14-16. Pokój 421, czwarte piętro. Proszę o wcześniejsze powiadomienie za pośrednictwem wiadomości prywatnej.', '2011-03-09 16:27:43', 151),
            (451, 'Pierwsze kolokwium odbędzie się 5 kwietnia. Obejmowało będzie zakres od początku do tematu przeciążania operatorów. Zachęcam do bardziej wytężonej pracy!', '2011-03-25 11:30:38', 151),
            (452, 'Zajęcia z 10 maja br. zostają odwołane. Ich odrobienie nastąpi w późniejszym terminie.', '2011-05-09 09:53:07', 151),
            (453, 'Udostępniona została instrukcja dotycząca zadania obsługi wyjątków w C++. Znajdziecie ją w karcie "Udostępnione pliki".', '2011-04-22 16:43:38', 151),
            (454, 'Poprawiona instrukcja dla pierwszych 4 zadań znajduje się udostępnionych plikach.', '2011-03-07 13:14:36', 151);

            INSERT INTO `questionnaires` (`id`, `question`, `_date`, `course_id`) VALUES
            (850, 'Czy uważasz, że przedmiot jest wykładany jasno i czytelnie?', '2011-09-11 14:44:41', 151),
            (851, 'Oceń skalę trudności programu przedmiotu.', '2011-09-11 14:45:42', 151),
            (852, 'Czy materiały udostępnione do zajęć są wystarczające do poprawnego opanowania programu?', '2011-09-11 14:46:51', 151),
            (853, 'Oceń szybkość wprowadzania nowego materiału.', '2011-09-11 14:48:45', 151),
            (854, 'Czy dostęp do literatury jest na poziomie umożliwiającym skuteczne poszerzanie wiedzy?', '2011-09-11 14:51:08', 151);

            INSERT INTO `questionnaire_entries` (`id`, `answer`, `total`, `questionnaire_id`) VALUES
            (900, 'Zdecydowanie tak', 0, 850),
            (901, 'Raczej tak', 0, 850),
            (902, 'Nie mam zdania', 0, 850),
            (903, 'Raczej nie', 0, 850),
            (904, 'Zdecydowanie nie', 0, 850),
            (905, 'Bardzo trudny', 2, 851),
            (906, 'Trudny', 2, 851),
            (907, 'Normalny', 3, 851),
            (908, 'Łatwy', 1, 851),
            (909, 'Bardzo łatwy', 1, 851),
            (910, 'Tak', 0, 852),
            (911, 'Nie', 0, 852),
            (912, 'Zbyt szybko', 0, 853),
            (913, 'Odpowiednio', 0, 853),
            (914, 'Zbyt wolno', 0, 853),
            (915, 'Zdecydowanie tak', 0, 854),
            (916, 'Raczej tak', 0, 854),
            (917, 'Raczej nie', 0, 854),
            (918, 'Zdecydowanie nie', 0, 854);

            INSERT INTO `tests` (`id`, `name`, `description`, `course_id`, `type`, `_date`) VALUES
            (750, 'Kolokwium nr 1', 'Zakres od początku do tematu przeciążania operatorów włącznie', 151, 'Zaliczenie', 'wtore, 5 kwietnia 2011'),
            (751, 'Kolokwium nr 2', 'Tematy od dziedziczenia do biblioteki standardowej', 151, 'Zaliczenie', 'wtorek, 10 maja 2011'),
            (752, 'Kolokwium końcowe', 'Zdefiniowanie klasy na podstawie zadanego opisu i przykładu zastosowania.', 151, 'Zaliczenie', 'wtorek, 31 maja 2011');

            INSERT INTO `test_results` (`id`, `_result`, `_date`, `test_id`, `assignment_id`) VALUES
            (800, '2', '2011-06-01 22:00:00', 752, 277),
            (801, '3,5', '2011-06-01 22:00:00', 752, 650),
            (802, '5', '2011-06-01 22:00:00', 752, 654),
            (803, '4', '2011-06-01 22:00:00', 752, 263),
            (804, '2', '2011-06-01 22:00:00', 752, 652),
            (805, '3', '2011-06-01 22:00:00', 752, 270),
            (950, '4,5', NULL, 752, 651);

            INSERT INTO `contacts` (`id`, `owner_id`, `contact_id`) VALUES
            (1003, 100, 2),
            (1002, 100, 103),
            (1000, 100, 104),
            (1004, 100, 105),
            (1001, 100, 600);

            INSERT INTO `messages` (`id`, `text`, `subject`, `_date`, `_read`, `sender_id`, `receiver_id`, `owner_id`) VALUES
            (1050, 'Dzień dobry,<br><br>chciałbym się dowiedzieć kiedy ukażą się wyniki kolokwium nr 1.<br><br>Z poważaniem<br>Paweł Czechowski​', 'Wyniki kolokwium', '2011-09-11 16:02:05', b'1', 100, 2, 100),
            (1051, 'Dzień dobry,<br><br>chciałbym się dowiedzieć kiedy ukażą się wyniki kolokwium nr 1.<br><br>Z poważaniem<br>Paweł Czechowski​', 'Wyniki kolokwium', '2011-09-11 16:02:06', b'0', 100, 2, 2);

            INSERT INTO `id_generator_table` (`name`, `value`) VALUES
            ('id', 23);

            INSERT INTO `permissions` (`id`, `user_id`, `entity_id`, `permission`) VALUES
            (1, 1, 1, 'update'),
            (2, 1, 1, 'delete'),
            (3, 2, 2, 'update'),
            (4, 2, 2, 'delete'),
            (5, 3, 3, 'update'),
            (6, 3, 3, 'delete'),
            (7, 1, 50, 'read'),
            (8, 1, 50, 'update'),
            (9, 1, 50, 'delete'),
            (10, 100, 100, 'update'),
            (11, 100, 100, 'delete'),
            (12, 2, 150, 'read'),
            (13, 2, 150, 'update'),
            (14, 2, 150, 'delete'),
            (15, 2, 151, 'read'),
            (16, 2, 151, 'update'),
            (17, 2, 151, 'delete'),
            (18, 3, 152, 'read'),
            (19, 3, 152, 'update'),
            (20, 3, 152, 'delete'),
            (21, 3, 153, 'read'),
            (22, 3, 153, 'update'),
            (23, 3, 153, 'delete'),
            (24, 101, 101, 'update'),
            (25, 101, 101, 'delete'),
            (26, 101, 154, 'read'),
            (27, 101, 154, 'update'),
            (28, 101, 154, 'delete'),
            (29, 101, 155, 'read'),
            (30, 101, 155, 'update'),
            (31, 101, 155, 'delete'),
            (32, 101, 200, 'update'),
            (33, 101, 200, 'delete'),
            (34, 101, 201, 'update'),
            (35, 101, 201, 'delete'),
            (36, 101, 202, 'update'),
            (37, 101, 202, 'delete'),
            (38, 101, 203, 'update'),
            (39, 101, 203, 'delete'),
            (40, 101, 204, 'update'),
            (41, 101, 204, 'delete'),
            (42, 1, 205, 'update'),
            (43, 1, 205, 'delete'),
            (44, 1, 206, 'update'),
            (45, 1, 206, 'delete'),
            (46, 1, 207, 'update'),
            (47, 1, 207, 'delete'),
            (48, 2, 208, 'update'),
            (49, 2, 208, 'delete'),
            (50, 2, 209, 'update'),
            (51, 2, 209, 'delete'),
            (52, 2, 210, 'update'),
            (53, 2, 210, 'delete'),
            (54, 3, 211, 'update'),
            (55, 3, 211, 'delete'),
            (56, 3, 212, 'update'),
            (57, 3, 212, 'delete'),
            (58, 3, 213, 'update'),
            (59, 3, 213, 'delete'),
            (60, 3, 214, 'update'),
            (61, 3, 214, 'delete'),
            (62, 102, 102, 'update'),
            (63, 102, 102, 'delete'),
            (64, 103, 103, 'update'),
            (65, 103, 103, 'delete'),
            (66, 104, 104, 'update'),
            (67, 104, 104, 'delete'),
            (68, 105, 105, 'update'),
            (69, 105, 105, 'delete'),
            (70, 2, 215, 'update'),
            (71, 2, 215, 'delete'),
            (72, 2, 216, 'update'),
            (73, 2, 216, 'delete'),
            (74, 1, 353, 'update'),
            (75, 1, 353, 'delete'),
            (76, 2, 400, 'update'),
            (77, 2, 400, 'delete'),
            (78, 2, 450, 'update'),
            (79, 2, 450, 'delete'),
            (80, 2, 451, 'update'),
            (81, 2, 451, 'delete'),
            (82, 2, 452, 'update'),
            (83, 2, 452, 'delete'),
            (84, 2, 453, 'update'),
            (85, 2, 453, 'delete'),
            (86, 2, 454, 'update'),
            (87, 2, 454, 'delete'),
            (90, 2, 551, 'update'),
            (91, 2, 551, 'delete'),
            (92, 2, 552, 'update'),
            (93, 2, 552, 'delete'),
            (94, 2, 553, 'update'),
            (95, 2, 553, 'delete'),
            (96, 600, 600, 'update'),
            (97, 600, 600, 'delete'),
            (98, 601, 601, 'update'),
            (99, 601, 601, 'delete'),
            (100, 602, 602, 'update'),
            (101, 602, 602, 'delete'),
            (102, 603, 603, 'update'),
            (103, 603, 603, 'delete'),
            (104, 604, 604, 'update'),
            (105, 604, 604, 'delete'),
            (106, 2, 700, 'update'),
            (107, 2, 700, 'delete'),
            (108, 2, 750, 'update'),
            (109, 2, 750, 'delete'),
            (110, 2, 751, 'update'),
            (111, 2, 751, 'delete'),
            (112, 2, 752, 'update'),
            (113, 2, 752, 'delete'),
            (114, 2, 800, 'update'),
            (115, 2, 800, 'delete'),
            (116, 2, 801, 'update'),
            (117, 2, 801, 'delete'),
            (118, 2, 802, 'update'),
            (119, 2, 802, 'delete'),
            (120, 2, 803, 'update'),
            (121, 2, 803, 'delete'),
            (122, 2, 804, 'update'),
            (123, 2, 804, 'delete'),
            (124, 2, 805, 'update'),
            (125, 2, 805, 'delete'),
            (126, 2, 806, 'update'),
            (127, 2, 806, 'delete'),
            (128, 2, 850, 'update'),
            (129, 2, 850, 'delete'),
            (130, 2, 851, 'update'),
            (131, 2, 851, 'delete'),
            (132, 2, 852, 'update'),
            (133, 2, 852, 'delete'),
            (134, 2, 853, 'update'),
            (135, 2, 853, 'delete'),
            (136, 2, 854, 'update'),
            (137, 2, 854, 'delete'),
            (138, 2, 950, 'update'),
            (139, 2, 950, 'delete'),
            (140, 100, 1050, 'update'),
            (141, 100, 1050, 'delete'),
            (142, 2, 1051, 'update'),
            (143, 2, 1051, 'delete');